Day,Actual,Predicted
0,1733.3654523577009,1796.3175767887092
1,1724.5963047572545,1830.8742591541384
2,1721.4075404575892,1837.7284419588882
3,1714.7642560686386,1753.184483071101
4,1694.9672677176338,1701.867405305859
5,1667.0654820033485,1709.096313612493
6,1641.1566859654017,1720.82506497006
7,1620.6953822544642,1636.6618815673453
8,1615.115025111607,1608.7719819101483
9,1610.3318568638392,1607.4006523876053
10,1601.0312674386162,1600.6755358908595
11,1594.6537214006696,1505.9746262158974
12,1594.3879917689735,1461.8104958572662
13,1590.4020211356026,1467.4712634598814
14,1580.8356933593752,1459.2306635201944
15,1571.8008335658483,1347.0698758213116
16,1557.4513462611608,1322.9949013652806
17,1537.7872314453125,1328.1281253721593
18,1522.906284877232,1314.0799150280427
19,1515.2000819614955,1195.6664323591071
20,1513.0742361886162,1146.7910829937264
21,1515.7315499441963,1147.5317204417404
22,1506.430951799665,1130.4550827108571
23,1506.430951799665,1004.5558288688374
24,1513.0742361886162,940.178629988984
25,1525.2978777204241,971.1009903550723
26,1542.8361467633931,974.5887683172002
27,1556.1227068219869,871.8119153437519
28,1578.4441528320312,829.4520244157607
29,1611.3948538643974,880.0372409431685
30,1646.6042654854912,856.2918411885659
31,1677.163373674665,754.5415807326879
32,1702.9393136160713,733.074895942056
33,1730.3096400669642,801.6485424196521
34,1747.5821794782366,819.3615487524996
35,1772.162318638393,740.6869698505773
36,1793.1550903320312,744.5257962198922
37,1807.2388741629463,817.6308054139175
38,1818.1338675362724,856.7903299267713
39,1823.1827566964287,788.3351436138131
40,1821.3226318359375,792.0974862450515
41,1832.483363560268,919.4311462861824
42,1837.1336495535713,961.2644646033932
43,1830.4903477260045,938.5570104212317
44,1821.5883265904017,979.9365799993657
45,1822.6512625558037,1094.1905871900387
46,1830.6231951032369,1135.1533801485764
47,1833.5462297712054,1144.085470759271
48,1840.9866943359373,1166.6669209705976
49,1842.3153599330356,1249.543773379999
50,1846.3013392857142,1298.3527970037667
51,1858.3921160016741,1292.9084843552
52,1868.2241821289062,1300.7416440690986
53,1877.9233921595983,1350.0410897868214
54,1890.1470511300226,1381.2091093467902
55,1894.1329956054688,1362.1042334250217
56,1900.7762974330356,1373.787423180805
57,1908.0839320591515,1409.02080736945
58,1914.3286307198662,1422.8582392869537
59,1918.3145577566963,1415.766688006025
60,1926.552219935826,1424.1597325838115
61,1937.8457903180804,1463.3560798338447
62,1956.4469953264509,1493.2054271323484
63,1970.3978881835938,1481.735704684595
64,1992.3207310267858,1486.8152257542893
65,2007.6002807617188,1545.2983965686242
66,2019.5581839425224,1584.2944221531095
67,2036.1663905552455,1568.7556752103071
68,2042.8096575055806,1591.8111154624864
69,2050.11727469308,1639.0029262963794
70,2061.4108450753347,1686.5338349533847
71,2074.6973876953125,1680.0342110398938
72,2091.305594308036,1669.2330490799552
73,2109.906816755022,1735.4856680568419
74,2127.8436889648438,1773.1274683922406
75,2147.1092267717636,1750.2343693555977
76,2156.4098161969864,1744.585552337057
77,2167.703377859933,1824.9676829753419
78,2175.010977608817,1867.4845000104608
79,2181.6542532784597,1868.0650743230276
80,2189.6261771065847,1878.1179803376046
81,2201.5840802873886,1938.7769790561445
82,2224.171229771205,1977.9618985601564
83,2243.436750139509,1992.3520449911034
84,2257.3876429966517,1997.8777709936771
85,2262.037928989955,2040.5503937686667
86,2270.6741943359375,2096.533651776928
87,2277.9817940848216,2099.919551009821
88,2277.9817940848216,2091.7577502338754
89,2272.00284249442,2137.700538304112
90,2266.688232421875,2174.9977136712637
91,2265.3595842633927,2159.425803857655
92,2255.3946533203125,2137.1936841570546
93,2236.1291155133927,2166.9141892210055
94,2222.178205217634,2209.1753384480817
95,2208.8916364397323,2191.049290053161
96,2190.9547816685267,2164.4290652627237
97,2173.6822684151784,2164.764279146012
98,2156.4097202845983,2208.1964362300832
99,2146.444806780134,2176.5483019549238
100,2129.1722412109375,2134.0524731330856
101,2108.578055245536,2120.1167850071447
102,2087.983877999442,2146.864993083904
103,2065.396719796317,2117.4580788151816
104,2052.1101510184153,2099.326353892826
105,2030.1873343331474,2070.3723294149495
106,2011.5861554827009,2085.2044980743503
107,2000.558314732143,2058.605933717548
108,1993.250723702567,2035.0664201192028
109,1978.635498046875,2006.1498905988603
110,1969.9992501395086,2020.289896366899
111,1966.0132620675224,1986.8054054663992
112,1965.3489728655131,1975.5639391744678
113,1962.02734375,1949.598830464762
114,1964.0203857421875,1971.3170750501608
115,1972.6566510881696,1938.1637647108244
116,1985.2788870675222,1925.620506357433
117,2003.8800659179688,1913.974587485732
118,2010.5233415876114,1939.8710550281603
119,2021.816903250558,1914.474271282345
120,2038.4251098632812,1902.333523538811
121,2056.760585239955,1900.872116488807
122,2065.3968593052455,1938.0916877506254
123,2072.0401524135045,1934.7657655115556
124,2077.3547973632812,1912.6190177959372
125,2084.6624058314733,1921.5558886402616
126,2090.6413225446427,1934.9074546239883
127,2104.592206682478,1939.4850511625557
128,2116.550074986049,1930.3766147456124
129,2118.5430821010045,1906.5377390162023
130,2126.5150233677455,1942.8687843520854
131,2133.8226405552455,1959.8545976440025
132,2148.4378574916295,1946.8259961948877
133,2169.696367536272,1916.925933605218
134,2187.633222307478,1948.6200776290646
135,2201.5840977260045,1953.9389838359998
136,2220.849618094308,1937.4465802840564
137,2240.779453822545,1893.173923683799
138,2259.380615234375,1941.5350244782264
139,2274.66015625,1942.8560121653559
140,2289.275390625,1914.7783389558892
141,2297.9116559709823,1889.0864504745853
142,2308.54092843192,1935.145943467424
143,2327.8064488002233,1934.4978483548366
144,2342.4216657366073,1900.43920658071
145,2360.3585379464284,1867.1687805174438
146,2373.64510672433,1887.3781144811428
147,2372.3164585658483,1901.3128689677028
148,2376.302420479911,1893.6053397688868
149,2388.9246651785716,1866.6115845349727
150,2397.5609305245534,1894.1685857345458
151,2408.190202985491,1917.4583321257348
152,2420.148123604911,1924.7362378270743
153,2428.784406389509,1905.0681906307975
154,2441.40665108817,1933.524846737725
155,2454.0289132254466,1960.350024045039
156,2462.6651785714284,1994.845683740538
157,2469.9727957589284,2000.8872268282253
158,2476.6161063058034,2031.4390443968553
159,2480.602068219866,2062.524082088657
160,2481.930733816964,2099.481338030041
161,2491.895664760045,2113.508560160877
162,2488.574044363839,2152.1780733811033
163,2480.6020856584823,2200.674887995926
164,2479.273420061384,2234.538212411586
165,2474.623116629464,2247.2298820809515
166,2464.658185686384,2270.7805993518664
167,2460.00789969308,2331.7394830395247
168,2450.04296875,2335.9386195186844
169,2440.742361886161,2352.6721261043294
170,2434.0990687779017,2350.7797511161407
171,2430.1130894252233,2405.5385224036736
172,2432.1060616629466,2397.8704301323037
173,2434.0990687779017,2395.66913254579
174,2440.0780029296875,2379.65564865063
175,2444.06396484375,2429.4511929897435
176,2452.7002301897323,2410.455590221106
177,2467.9797886439733,2408.9229278135576
178,2479.9377092633927,2391.8678011340085
179,2505.1821812220983,2416.975530127523
180,2529.7623116629466,2412.2882122889228
181,2548.3634905133927,2414.3507337178717
182,2571.614990234375,2411.2500052974547
183,2596.85946219308,2427.918530582195
184,2618.78231375558,2440.1063337505225
185,2632.068882533483,2462.656189605202
186,2624.7612653459823,2464.544083124363
187,2618.1179722377233,2507.7343902632274
188,2606.16006905692,2527.995858649951
189,2596.859479631697,2547.386726986851
190,2592.8735002790177,2539.062398267493
191,2582.9085867745534,2573.9442112108973
192,2572.2793317522323,2583.7982146917852
193,2549.027849469866,2593.6026232487643
194,2529.098022460937,2549.4939137237784
195,2510.496843610491,2572.1247347855624
196,2489.2383335658483,2589.8909212175413
197,2465.322509765625,2586.6780066891256
198,2440.0780029296875,2526.4467641893007
199,2418.819492885045,2531.403717081081
200,2413.504865373884,2532.977459621385
201,2404.868582589286,2506.74443375496
202,2400.8826206752233,2466.1968489018595
203,2397.560965401786,2460.1981038433887
204,2389.589041573661,2453.583604940482
205,2378.959786551339,2417.470732455108
206,2378.959786551339,2378.407559526355
207,2381.61710030692,2372.9597363937164
208,2384.2744140625,2368.087632648864
209,2385.6030622209823,2336.122060984227
210,2384.938720703125,2322.528869128745
211,2383.6100725446427,2320.2122484059128
212,2385.6030796595983,2305.934437465266
213,2392.2463727678573,2262.6280602785782
214,2401.5469796316966,2275.839430972882
215,2408.8545968191966,2278.2338798744986
216,2414.8335484095983,2256.721782864384
217,2418.819510323661,2229.002403103699
218,2432.7704031808034,2232.7132088411163
219,2449.3786272321427,2229.4114118436473
220,2450.707275390625,2223.2619400435374
221,2452.7002476283483,2192.696678067824
222,2453.876307896205,2202.5977369735047
223,2455.694022042411,2211.671815461234
224,2460.191737583705,2223.9057777605485
225,2464.6440778459823,2193.203980361784
226,2467.722429547991,2218.1917553676517
227,2463.998796735491,2239.1463576306933
228,2455.6702008928573,2246.4069349851247
229,2450.0216064453125,2232.057420540031
230,2448.404314313616,2267.9232146996656
231,2448.825369698661,2281.4893683586793
232,2440.564784458705,2300.3240863892147
233,2438.464529854911,2272.9591908286384
234,2435.541277204241,2273.503091786327
235,2431.2893589564733,2295.5792563647556
236,2428.541346958705,2305.705882544842
237,2425.7933523995534,2264.6342645800764
238,2422.3583461216517,2243.350124961182
239,2418.2363630022323,2261.9752596235116
240,2414.80135672433,2232.2245793347724
241,2414.1143624441966,2191.0700541929905
242,2412.053379603795,2175.3499571368584
243,2409.9923793247767,2165.9950399233794
244,2401.7483956473216,2131.9320287169508
245,2394.191423688616,2093.2490337440654
246,2392.1304234095983,2109.1099983099753
247,2385.260428292411,2100.9080136950793
248,2381.825422014509,2087.6837961228957
249,2374.9554443359375,2080.614054657903
250,2368.7724609375,2098.2384772862983
251,2361.9024832589284,2086.965864784623
252,2355.719499860491,2073.2400214459144
253,2348.16251046317,2067.3342668697733
254,2341.9795270647323,2094.9163642959024
255,2335.7965262276784,2102.9920461753622
256,2330.300537109375,2112.629968157954
257,2323.4305419921875,2116.019228492618
258,2315.1865757533483,2138.878268364649
259,2304.194580078125,2149.6869741307846
260,2293.8895961216517,2165.473247546229
261,2280.836600167411,2172.6471831661206
262,2273.279610770089,2179.3236757239133
263,2265.0355922154017,2175.4228556997123
264,2256.79159109933,2173.2194667609856
265,2255.41756766183,2183.638732868595
266,2256.104561941964,2178.704784851158
267,2264.34854561942,2158.2205874537467
268,2268.470546177455,2183.4053977145413
269,2274.653547014509,2173.5814200761406
270,2276.714529854911,2118.5200375924974
271,2283.5845249720983,2111.5376847735492
272,2298.011474609375,2145.6561915047737
273,2315.18643624442,2131.933373157659
274,2327.552420479911,2085.0875317327213
275,2343.3534109933034,2080.91379024472
276,2353.6583949497767,2104.323191858955
277,2366.0243791852677,2103.5257891365873
278,2377.016357421875,2055.4895201555337
279,2377.703351702009,2052.322540684654
280,2379.764334542411,2085.1759660548723
281,2373.5813337053573,2102.221681649463
282,2369.4593331473216,2053.9098023231923
283,2363.2763323102677,2050.3138715751907
284,2355.0323660714284,2081.344758182905
285,2344.727364676339,2082.668882898354
286,2336.483380998884,2037.3458446491031
287,2328.2393973214284,2031.9234911987733
288,2319.308419363839,2068.986285735765
289,2306.255440848214,2068.259764915189
290,2292.515450613839,2044.420590421177
291,2280.1494663783483,2035.7801687530493
292,2271.9054827008927,2058.2875253431143
293,2265.035487583705,2050.4636273318733
294,2254.7305036272323,2019.2735738825174
295,2247.860508510045,2021.3505853946567
296,2240.303536551339,2062.8074603135224
297,2239.616542271205,2030.8289670798547
298,2244.425519670759,1995.4987831602068
299,2243.738525390625,1984.798230179945
300,2244.425537109375,2039.0132498920907
301,2246.486554827009,1998.7777246656337
302,2247.1735491071427,1962.0603020083936
303,2245.799543108259,1959.0601078765033
304,2247.1735491071427,2004.342215375299
305,2251.2955496651784,1988.5883579191566
306,2247.1735491071427,1973.863744516426
307,2245.1125837053573,1960.0606705281364
308,2241.6776123046875,2012.1066592307695
309,2241.6776123046875,2021.096037953871
310,2245.1125837053573,1989.9853811974597
311,2249.9215959821427,1977.6589512538692
312,2252.669590541295,2031.8826351394687
313,2254.0435965401784,2042.5833375020313
314,2250.6085902622767,1994.255100813809
315,2247.173583984375,1997.1413909412397
316,2247.860578264509,2061.497975063565
317,2252.6695731026784,2062.6517292648023
318,2258.8525913783483,2006.8745441406747
319,2257.47860281808,2030.0939314681257
320,2261.600603376116,2109.5956401703006
321,2269.1575753348216,2105.026931878639
322,2273.279541015625,2050.5424264956146
323,2278.088553292411,2105.5375205832197
324,2278.088553292411,2148.576764870268
325,2271.2185407366073,2151.360205283508
326,2270.5315464564733,2130.4128107164865
327,2278.775547572545,2153.539394289484
328,2284.2715366908483,2198.883794207768
329,2287.70654296875,2195.503422120009
330,2291.1415492466517,2162.448106570083
331,2297.324532645089,2175.8269348237295
332,2302.8205043247767,2230.2909748315265
333,2313.812482561384,2206.552932155245
334,2326.178466796875,2161.0216549784964
335,2332.3614501953125,2175.1571045863566
336,2341.2924455915177,2221.8244341616823
337,2345.4144461495534,2196.4454269096777
338,2353.658447265625,2159.6007305320445
339,2363.276436941964,2172.4937675430647
340,2366.0244489397323,2225.4793709185515
341,2363.9634312220983,2214.124672842515
342,2363.276436941964,2161.7019419769344
343,2363.9634312220983,2185.288212235471
344,2362.58944266183,2234.4957878381215
345,2356.4064592633927,2216.9403798327558
346,2346.7884695870534,2180.2967520321754
347,2338.5444859095983,2208.9340860320785
348,2328.926496233259,2254.933826104545
349,2327.552507672991,2244.193388049935
350,2326.1785191127233,2202.974329754151
351,2336.4835030691966,2230.0176052208235
352,2344.7275041852677,2266.1043358035345
353,2357.093488420759,2258.157197394026
354,2374.9554443359375,2222.540124765441
355,2399.000418526786,2255.8486433154444
356,2424.4193812779017,2286.1550257636454
357,2449.8383440290177,2282.2306033358973
358,2478.00528390067,2223.4949764329895
359,2510.9812360491073,2268.1656621740763
360,2545.3311767578125,2293.5878409110496
361,2578.994123186384,2255.920645584493
362,2611.9700927734375,2194.0926556700206
363,2640.137050083705,2263.9453134081846
364,2670.365007672991,2294.058395158981
365,2688.226981026786,2252.628110289681
366,2708.8369315011164,2216.177484421903
367,2723.9508928571427,2281.1816408187624
368,2732.881870814732,2310.328816611742
369,2740.4388602120534,2270.638835548283
370,2747.995849609375,2251.930793708937
371,2748.6828264508927,2327.151803195645
372,2749.3698381696427,2367.001175174196
373,2749.3698381696427,2321.058349758384
374,2747.995849609375,2332.984883282383
375,2743.1868722098216,2398.624810752003
376,2734.2558768136155,2422.5244850778918
377,2733.568865094866,2388.475926609078
378,2734.2558593749995,2404.611455844098
379,2733.56884765625,2448.0972411742036
380,2730.133858816964,2463.0720699309927
381,2732.1948765345983,2452.84162305176
382,2737.6908830915177,2462.2220846386977
383,2737.6908830915177,2487.467842878272
384,2739.751883370536,2487.804102437667
385,2748.682878766741,2481.4460929454585
386,2749.3698556082586,2509.606001111587
387,2748.682843889509,2545.2735649578867
388,2755.552839006697,2524.631321086091
389,2758.300816127232,2522.0610492162787
390,2766.5447998046875,2566.810907576859
391,2762.422834123884,2574.96553800236
392,2758.300833565848,2548.6204754102373
393,2761.048845563616,2560.61826429178
394,2763.7968226841517,2595.5484771006863
395,2762.4228166852677,2594.7105917747667
396,2764.4838169642862,2577.8502596156313
397,2763.796805245536,2570.2865855726113
398,2766.5447998046875,2597.4988124216366
399,2762.4228166852677,2595.741777798091
400,2761.73583984375,2588.389180946286
401,2762.4228515625,2599.634381795741
402,2760.361833844866,2618.4206999607745
403,2764.483834402902,2611.7700505410426
404,2763.7968226841517,2624.7963365644932
405,2765.8578055245534,2636.3007157060624
406,2767.918788364955,2661.2399414641272
407,2763.79678780692,2663.163836117813
408,2761.7358049665177,2688.0330015767413
409,2758.300816127232,2703.4777870522585
410,2750.0568324497767,2729.7152943877113
411,2747.308855329241,2735.4263291345897
412,2740.4388602120534,2751.474469723565
413,2735.629847935268,2761.7742299904303
414,2733.56884765625,2810.8358590850717
415,2733.56884765625,2792.216251567876
416,2726.698869977679,2812.5303025245275
417,2720.515869140625,2836.628655310654
418,2717.7678920200897,2869.604798241087
419,2717.080897739955,2838.757950628119
420,2714.33292061942,2849.3597619074653
421,2717.080897739955,2880.02630508321
422,2718.454903738839,2878.377273863237
423,2721.889892578125,2846.979205559835
424,2727.3858816964284,2834.67607925519
425,2732.881870814732,2872.576161588898
426,2730.820870535714,2866.7871492809336
427,2734.94287109375,2831.6318173445247
428,2741.812866210937,2801.3097497547265
429,2744.5608433314733,2852.6995020093714
430,2750.0568498883927,2834.3780615648334
431,2762.422834123884,2806.1510807455866
432,2776.1627894810263,2773.8746445127126
433,2792.6507568359375,2817.3543051684796
434,2804.3297293526784,2794.2889309932884
435,2813.260724748884,2781.820289099212
436,2822.878696986607,2766.2358311723247
437,2831.1226806640625,2803.9599411555364
438,2839.3666643415177,2770.1910263540644
439,2849.6716482979905,2767.8227193551106
440,2867.533621651786,2761.04061351056
441,2882.647617885045,2791.9534881005393
442,2894.3266078404017,2748.865955984715
443,2908.7536097935267,2736.3066390339736
444,2927.302577427455,2757.017001234994
445,2937.607578822545,2771.8624649191775
446,2945.8515973772323,2710.736422436778
447,2951.3476039341517,2711.329470171472
448,2961.652605329241,2741.824373083448
449,2972.6445835658483,2743.7926342805094
450,2983.636561802455,2692.8983831180512
451,2989.819580078125,2712.076531058426
452,2995.315586635045,2742.3404889331628
453,2996.002580915178,2762.3200729180307
454,2994.6285923549103,2742.4124912022116
455,2992.5675746372767,2773.898993827764
456,2987.758544921875,2815.6991492741686
457,2980.888532366071,2817.8515988482777
458,2973.3315429687505,2795.5568879635875
459,2968.522530691964,2820.6377281429345
460,2963.026524135045,2846.985778381076
461,2960.2785121372767,2847.4800844148554
462,2958.2174944196427,2821.8070927946196
463,2960.278494698661,2836.267150142402
464,2962.339494977678,2863.6126260038573
465,2968.5224609375,2860.1233542187197
466,2977.1708809988836,2833.4629455893323
467,2987.9130684988845,2836.611476346047
468,3002.2212611607138,2861.4135691518577
469,3020.160993303571,2852.9665975634352
470,3038.689470563616,2812.2215293085037
471,3057.9376918247767,2825.4342444435156
472,3076.564418247768,2853.1295736537504
473,3092.3776332310267,2851.1229212053495
474,3109.5976039341513,2823.4005537986463
475,3123.3498186383927,2833.9228936938975
476,3134.9755336216517,2862.880951493899
477,3141.792253766741,2859.339395903436
478,3144.290457589286,2846.189570717116
479,3148.1954345703125,2868.614692350519
480,3149.6349574497767,2912.2686821514717
481,3149.6349574497767,2916.173983644701
482,3147.4757254464284,2901.1510537870117
483,3141.717703683036,2916.865026168806
484,3136.679425920759,2964.1262997726312
485,3129.481916155134,2955.3347032159622
486,3119.40536063058,2941.0495725425694
487,3118.685616629464,2951.607465425442
488,3130.20166015625,2998.323045483968
489,3141.71768624442,2981.653623905422
490,3153.2337472098216,2964.2341537939033
491,3168.3485281808034,2974.18107306597
492,3184.1831054687505,3004.16464036186
493,3220.1706891741073,3008.0048111718834
494,3238.164481026786,2989.1744252280746
495,3250.400285993303,2993.4073221072445
496,3259.0373011997767,3043.6756614288033
497,3263.355800083705,3044.9676689495523
498,3266.9545724051345,3046.1388261888483
499,3273.432338169643,3059.4541669645996
500,3282.7891322544638,3079.0750840449327
501,3284.2286376953125,3096.844407505231
502,3275.5916050502233,3104.616171093447
503,3264.0755789620534,3122.184127212091
504,3255.438546316964,3130.6442444429954
505,3241.043526785714,3152.3941580761916
506,3237.444754464286,3156.6857621996273
507,3215.852207728795,3167.769928928679
508,3220.890468052455,3160.2255252024793
509,3223.7694789341517,3177.5940559493806
510,3229.527500697545,3163.641898424762
511,3237.4447719029017,3155.853404018842
512,3251.839826311384,3139.9084865998093
513,3267.6743687220983,3154.6852344255644
514,3282.7891496930797,3154.294898473233
515,3290.7064034598216,3146.3126552230055
516,3293.5854143415177,3158.85165618082
517,3302.942208426339,3173.7165395641246
518,3313.7384905133927,3193.2663506692147
519,3328.8532714843745,3193.3165431223274
520,3328.1335100446427,3207.0535901336057
521,3329.572998046875,3227.9116914302463
522,3322.375470842634,3251.1631959523975
523,3320.93594796317,3260.1791647250643
524,3319.496425083705,3276.9562909425817
525,3323.8149588448655,3300.8783726136103
526,3321.6557094029013,3326.417517692212
527,3313.738438197545,3336.385948015613
528,3300.063145228795,3348.44214537682
529,3292.865652901786,3362.157083807561
530,3278.4705984933034,3366.1282628955
531,3255.4385288783483,3389.9882015293415
532,3236.724958147322,3404.673676769228
533,3212.253400530134,3400.656637314903
534,3193.5398472377233,3389.4021747627908
535,3171.2275390625,3402.2728044286714
536,3148.9152308872767,3400.1844398616613
537,3128.0424281529017,3369.7316627585483
538,3102.851091657366,3341.017695638268
539,3073.3412214006703,3342.442802789146
540,3043.111607142858,3331.402106309665
541,3020.7992815290177,3304.9223008821027
542,3005.684500558036,3273.357372548561
543,3004.9647391183034,3270.128474113946
544,3013.6017717633927,3251.990475134951
545,3026.557303292411,3219.5910972684114
546,3030.1560581752233,3181.5023450886283
547,3043.8313511439733,3183.378138641414
548,3063.264665876116,3184.7052510028816
549,3079.818952287947,3152.5211330319826
550,3102.8510044642862,3112.7322608853083
551,3118.6855294363845,3130.9246350218423
552,3144.596609933036,3135.202645355893
553,3172.6669573102677,3114.558608896486
554,3203.6162981305797,3062.750884963837
555,3229.527378627233,3078.5627027527407
556,3256.158185686384,3120.8529815284983
557,3272.7124895368297,3087.4050892917267
558,3292.865548270089,3067.61507144674
559,3312.298863002233,3063.108804956867
560,3332.4519391741073,3111.083528429937
561,3345.407453264509,3078.9803756661427
562,3357.643240792411,3062.7755330434907
563,3373.477800641741,3058.7460948581884
564,3379.955583844866,3097.723074199305
565,3395.7901611328125,3082.9960706797597
566,3408.7457275390625,3059.4202571822884
567,3419.5420270647323,3079.332619131737
568,3428.8988037109375,3123.3203289929693
569,3436.0963309151784,3099.6896921910566
570,3441.854370117187,3070.19146799089
571,3446.8926130022323,3122.519789242282
572,3454.0901227678573,3140.7884977345916
573,3465.6061488560267,3122.9945261946395
574,3476.402413504464,3091.2906723212327
575,3490.7974679129466,3133.417975006675
576,3499.4344831194203,3151.288878431606
577,3507.3517717633927,3139.0441606066247
578,3520.307303292411,3106.174826021357
579,3536.1418457031255,3138.0028165868375
580,3551.976353236607,3165.442104533277
581,3575.7281319754466,3160.2132758538028
582,3596.6009695870534,3146.4037784265734
583,3621.072544642858,3175.4027669770294
584,3636.907087053571,3200.7040954325503
585,3653.4613909040177,3192.0312578051207
586,3663.5379464285716,3189.25737785914
587,3673.614501953125,3208.40266169331
588,3683.6910574776784,3218.246955324638
589,3690.8886021205362,3227.0059865397043
590,3703.1243722098216,3226.6683825396008
591,3716.799647739955,3266.5663037659547
592,3726.876203264509,3278.5499013289095
593,3731.914446149554,3324.1129969357557
594,3739.1119907924112,3334.0298903653356
595,3734.0737827845983,3383.3339669343873
596,3731.9144984654017,3409.8319970026632
597,3729.7552664620534,3460.7644900341593
598,3736.2330322265625,3476.722702477975
599,3741.991053989955,3530.1633243420965
600,3744.8700648716517,3577.553664253926
601,3745.5898088727677,3631.9821512741014
602,3752.067557198661,3667.245486614083
603,3759.9848109654017,3711.9556092826156
604,3764.303327287946,3752.603728424243
605,3767.182303292411,3784.849690667727
606,3772.9403076171875,3818.197496762875
607,3779.4180908203125,3839.799970065053
608,3793.093418666295,3850.307819877114
609,3824.0427071707595,3865.7500658535155
610,3853.5525251116073,3895.0074857845816
611,3880.903041294643,3906.1526004924126
612,3906.09432547433,3901.2373252625916
613,3928.4065987723216,3924.4519323564127
614,3954.317609514509,3947.1075508801514
615,3990.3052106584823,3955.4326265110144
616,4018.3755405970983,3939.754057734541
617,4035.6495710100444,3978.520557413646
618,4057.961879185267,4005.4900380236595
619,4078.1149727957595,4017.082253958176
620,4099.707502092633,4010.332713455228
621,4119.140816824777,4040.8985729601454
622,4126.338309151784,4070.413826742618
623,4119.140816824777,4075.165378970619
624,4124.1790771484375,4063.6987935511847
625,4124.8988385881685,4111.0921211090335
626,4126.338361467633,4142.412809380553
627,4120.580374581472,4126.533470791629
628,4111.943429129465,4125.567863598413
629,4101.147112165178,4152.234994431343
630,4092.5100969587047,4178.775747837684
631,4093.949637276786,4156.755601622105
632,4094.669363839285,4172.043087534742
633,4096.828578404018,4187.964850697131
634,4094.669328962053,4210.4477832809935
635,4093.9495849609375,4180.697401756856
636,4098.98788016183,4187.690883557224
637,4111.223667689732,4201.492911869407
638,4110.503941127231,4219.263430388112
639,4118.421247209822,4186.182122317825
640,4136.4150390625,4198.182600080784
641,4162.326136997768,4203.572313498361
642,4176.001377650669,4224.302095398502
643,4172.402622767857,4181.611920203153
644,4167.3643798828125,4179.897608917674
645,4162.326119559152,4201.237169370213
646,4153.689174107143,4249.12465357954
647,4145.771955217634,4212.1824105594
648,4137.854736328125,4216.934560316604
649,4137.134974888392,4232.499897308972
650,4127.77814592634,4265.807668947471
651,4114.102835518973,4225.498946393558
652,4102.586791992187,4229.228424918592
653,4086.032505580357,4234.9924903823
654,4058.6819893973216,4284.779818694863
655,4034.2103969029017,4234.685659136189
656,4021.9746442522323,4201.6724693951255
657,4019.8153948102677,4230.156089007371
658,4021.2548653738836,4279.035172930275
659,4020.5351213727677,4230.620667963265
660,4019.815342494419,4181.012000882616
661,4019.815342494419,4206.778057676332
662,4023.4140625,4256.889844346515
663,4015.4967564174103,4212.97861822336
664,4009.7387346540177,4184.353682954434
665,4000.381992885045,4215.6468848825825
666,3979.5092250279017,4273.736582716267
667,3950.719116210937,4239.321888227872
668,3929.8462960379466,4210.583123645636
669,3904.6549595424103,4231.94568897252
670,3885.94140625,4274.239403541199
671,3879.463657924107,4239.900595261677
672,3867.2278878348216,4206.3427576514205
673,3862.189610072545,4196.254970869576
674,3865.068603515625,4216.9644367767905
675,3863.6291155133927,4175.043879195836
676,3854.272356305804,4139.991919811671
677,3854.272356305804,4125.329150681526
678,3860.7501395089284,4142.59206814167
679,3867.2279052734375,4114.5058054498995
680,3886.6612025669647,4075.7252638345067
681,3908.2537841796875,4065.898896079291
682,3923.368582589286,4080.348944812911
683,3944.961199079241,4065.5574081393634
684,3961.5154854910716,4005.8966566467925
685,3973.751238141741,3999.2037320358972
686,3992.4647391183034,4030.750136964123
687,4006.8597412109375,4027.6624048038875
688,4016.2165527343745,3960.415422540856
689,4029.1720319475444,3962.919069904453
690,4048.605311802455,4010.644623699571
691,4060.121337890624,4020.8915026319064
692,4064.4398367745525,3954.6746607160926
693,4074.5163748604905,3942.888695937269
694,4083.873116629464,3995.4915818577715
695,4098.268101283481,4008.2649636457463
696,4106.185337611607,3949.9816663500565
697,4110.503801618303,3963.864659869344
698,4117.701328822544,4009.264630003574
699,4116.981602260044,4020.6465156583804
700,4111.223615373884,4002.7766579095555
701,4106.905133928572,3992.234748932882
702,4104.745814732142,4028.164926864218
703,4096.108799525669,4024.4969938471677
704,4088.9113071986603,3987.6179395403205
705,4087.471819196429,3984.6410490473754
706,4090.3508300781245,4031.7247070953945
707,4094.669294084821,4010.0790623082476
708,4097.548304966518,3967.1226878526404
709,4101.866838727678,3994.1310078608954
710,4099.707624162947,4013.291229925159
711,4098.98788016183,4012.2122415655367
712,4091.070556640625,4023.090410101605
713,4089.631051199776,4019.83746111654
714,4089.631051199776,4039.9078695403737
715,4101.147077287947,4050.134880626685
716,4120.580426897322,4069.106731609475
717,4139.88778250558,4052.6397230486896
718,4154.76642717634,4068.260929021606
719,4175.01398577009,4083.116998849155
720,4188.600062779017,4088.103977583423
721,4200.173897879465,4099.454044808131
722,4219.958879743303,4098.311270206012
723,4236.68115234375,4104.159886052047
724,4267.152134486607,4113.862565262092
725,4290.9984479631685,4136.008192610454
726,4316.0638427734375,4140.57122437468
727,4333.931675502231,4147.464620033425
728,4357.704554966518,4167.59478137763
729,4365.5693359375,4210.364427957074
730,4367.970005580357,4236.192926552579
731,4369.482979910715,4252.571202026611
732,4376.291364397321,4266.947754668174
733,4377.804338727678,4316.382839515141
734,4383.09978376116,4349.407382311076
735,4383.856236049107,4334.581786472916
736,4383.099748883928,4353.134470719295
737,4384.612723214285,4378.2504157393605
738,4381.586774553572,4417.974157202829
739,4381.586774553572,4381.352488600485
740,4383.099748883928,4411.703386974364
741,4380.073835100447,4448.481010698879
742,4375.534877232143,4468.53976730324
743,4374.021902901785,4438.658228118886
744,4360.40509905134,4455.39950258418
745,4355.8662109375,4495.222135130864
746,4344.670166015624,4517.204935771211
747,4332.566336495535,4489.5270842901855
748,4325.00146484375,4496.1940163807185
749,4328.027413504464,4531.399839534842
750,4320.462472098215,4540.460473615487
751,4311.384626116072,4505.867416659781
752,4311.384626116072,4495.283381874246
753,4308.358642578125,4533.082183007922
754,4309.871686662947,4531.226556065762
755,4315.923618861607,4496.796624582673
756,4314.41064453125,4474.910324908727
757,4312.897705078125,4511.251453549923
758,4315.923688616071,4498.032314975971
759,4314.410679408482,4490.52615311881
760,4316.528843470981,4488.544148750062
761,4324.093715122767,4531.0437121294235
762,4325.606654575892,4507.285652224817
763,4318.041748046874,4503.979523140621
764,4313.502859933034,4501.681425823104
765,4316.528773716517,4552.825444192718
766,4315.015834263392,4532.29374322361
767,4315.015834263392,4509.483065871506
768,4311.989815848214,4507.066956536254
769,4308.963797433035,4558.190957677543
770,4310.476771763393,4531.317978033932
771,4310.476771763393,4511.985219412094
772,4315.015659877232,4509.942267064567
773,4325.606515066964,4579.87828012665
774,4345.2752859933025,4564.496085835223
775,4352.8402273995525,4533.903785663041
776,4363.431117466518,4535.339648339586
777,4375.534946986607,4570.674537801713
778,4381.586879185268,4561.974512595514
779,4384.612862723215,4548.089726488615
780,4392.177734375,4538.9935394203485
781,4402.768589564732,4565.545347116959
782,4417.898437499999,4562.494064238151
783,4436.054199218749,4547.759292838957
784,4454.209926060268,4533.0645558964125
785,4470.85271344866,4556.674727323098
786,4495.060407366072,4546.13520846324
787,4516.242152622767,4517.7606379306735
788,4525.319998604909,4501.5517619858965
789,4543.475760323659,4527.448677675227
790,4561.631487165178,4513.176095115113
791,4581.300223214285,4496.738066720708
792,4614.585728236607,4480.379509710398
793,4647.871268136159,4515.131808198897
794,4670.565952845982,4492.281096390142
795,4694.773646763393,4490.353467178934
796,4722.007219587053,4487.7622817869915
797,4744.701904296874,4514.488269246487
798,4774.961495535715,4500.529987047531
799,4808.247000558035,4501.760897207199
800,4830.941685267857,4503.676575834334
801,4856.662283761159,4523.506179989066
802,4882.382917131697,4512.412452792755
803,4906.590541294643,4514.387286811058
804,4920.20734514509,4530.875806423177
805,4930.798200334822,4551.096493441747
806,4935.337123325893,4557.156335861298
807,4941.389020647322,4571.596824127659
808,4959.544747488839,4597.210809739027
809,4968.622628348214,4620.031047558392
810,4977.700509207589,4627.0487292915095
811,4985.265415736606,4635.8751319242965
812,4992.830287388393,4657.644614638914
813,4995.856236049106,4683.587838841534
814,5000.3951590401775,4700.421132804201
815,5003.421107700893,4699.935640326176
816,5012.498988560268,4741.312147567141
817,5021.576869419643,4741.4301595848765
818,5039.732631138393,4778.365531019174
819,5054.862444196428,4793.356343682163
820,5060.91437639509,4827.644361979369
821,5065.453334263393,4815.291640750815
822,5063.940359933035,4837.187500892021
823,5065.453334263393,4870.020834342764
824,5059.401436941965,4909.026046938756
825,5054.86247907366,4904.761182247187
826,5050.32355608259,4932.392426450322
827,5047.297607421875,4958.523573587513
828,5048.810581752232,4980.774664840332
829,5051.836565290178,4985.117805857588
830,5047.297607421875,5001.278281936864
831,5041.245675223215,5035.210770357854
832,5035.193743024553,5050.620152228051
833,5027.628836495535,5052.553756731297
834,5035.193708147322,5078.458440300276
835,5042.758579799107,5103.59171366725
836,5050.323486328125,5120.413355810444
837,5062.427315848215,5129.812788949601
838,5079.070068359375,5148.607771288089
839,5097.225830078124,5169.110193326213
840,5103.2777273995525,5185.128158690401
841,5103.2777273995525,5201.0463366775675
842,5103.2777273995525,5226.236972848098
843,5101.764753069196,5260.668995683401
844,5106.3037109375,5275.638297295056
845,5110.842668805803,5276.743726321943
846,5112.35564313616,5303.898440985109
847,5116.894566127232,5331.208513241244
848,5107.81672014509,5334.351218088223
849,5089.660993303571,5345.574310357139
850,5071.505231584822,5365.1218807277155
851,5047.297572544643,5382.166700028501
852,5024.602887834822,5393.800892389579
853,5007.96013532366,5399.58138990639
854,4988.291434151784,5408.787821112744
855,4976.187604631696,5406.863777076757
856,4959.544852120534,5401.869329227443
857,4936.850167410714,5400.657540002294
858,4911.129534040178,5419.263404347804
859,4900.538678850447,5400.407175265934
860,4888.434849330357,5378.335342774232
861,4883.895926339285,5376.055470097429
862,4885.408900669643,5375.333953583934
863,4892.97380719866,5347.887943433952
864,4900.538713727678,5317.786513502629
865,4906.590611049107,5302.316781182856
866,4911.129534040178,5297.916576126644
867,4909.61652483259,5292.028822117764
868,4923.233328683035,5277.837503529357
869,4936.850132533482,5259.225365127208
870,4947.440987723214,5246.520699197661
871,4959.5448172433025,5241.097524144676
872,4973.161621093749,5214.8011601826565
873,4971.648646763392,5202.39675267798
874,4976.187604631696,5187.211444259179
875,4973.161655970981,5188.272357360389
876,4974.67463030134,5164.371786740694
877,4977.7005789620525,5166.710516044064
878,4976.187604631696,5167.5751408018505
879,4980.7265625,5158.535121478733
880,4985.265520368303,5133.314608848016
881,4995.856375558035,5115.815966117004
882,4998.88232421875,5136.838537326969
883,4991.317417689732,5125.329527334071
884,4982.239536830356,5126.348613391019
885,4971.648681640624,5102.903360024562
886,4965.596749441964,5132.090869038792
887,4961.057791573659,5127.424763486923
888,4950.466936383928,5139.088832308188
889,4955.005859374999,5123.066385474972
890,4955.005859374999,5118.594178149711
891,4956.518833705357,5105.549816867849
892,4964.083705357142,5112.446498937213
893,4968.622628348214,5111.920673237937
894,4973.161551339284,5107.669252953452
895,4971.6485770089275,5093.331838474734
896,4973.161551339284,5090.341204810103
897,4992.830287388393,5093.472257837609
898,5010.986049107143,5084.472571735742
899,5036.706682477678,5064.969218526242
900,5056.375418526785,5055.543494102122
901,5089.660958426339,5065.311901524577
902,5132.024379185268,5057.958707143568
903,5159.258021763393,5040.0875049540355
904,5188.004603794644,5032.480659426046
905,5218.264195033482,5041.843643283775
906,5247.010811941965,5052.673561336643
907,5286.348284040178,5031.790214431145
908,5318.120849609375,5006.983192009404
909,5351.406389508928,5023.899243766787
910,5383.178955078125,5039.572434780426
911,5407.3866141183025,5040.302017938171
912,5436.133196149553,5048.150265264464
913,5458.827880859375,5063.8864956090965
914,5483.035539899553,5073.8676234280765
915,5486.0615234375,5078.05779696918
916,5476.983642578125,5101.983762580033
917,5470.931710379465,5129.086193437874
918,5476.983642578125,5152.843655813277
919,5490.600446428572,5163.669092397116
920,5502.70427594866,5195.330372314758
921,5501.1912667410725,5224.813658284831
922,5511.782121930804,5255.310951313621
923,5529.937883649553,5242.398643985782
924,5549.60661969866,5268.839610015102
925,5575.327287946428,5295.310153740006
926,5610.125802176339,5328.214294401391
927,5641.898367745535,5317.756338277841
928,5684.261788504465,5351.381099158914
929,5732.677106584822,5369.2573803466785
930,5785.63134765625,5401.615379315861
931,5837.072614397322,5412.624854894447
932,5883.974958147322,5429.959774623639
933,5911.208565848215,5445.759044299264
934,5935.416224888392,5479.015129661641
935,5965.675816127232,5480.8310209117535
936,5989.88347516741,5499.138718184606
937,6008.03923688616,5531.390655720127
938,6017.117117745535,5557.239171543957
939,6021.656040736607,5565.6858443677775
940,6017.117117745535,5571.021780157019
941,6017.117117745535,5607.27059053624
942,6009.552211216518,5642.538855492152
943,6003.500279017857,5646.5963775500295
944,6001.987339564732,5648.365063993047
945,6009.552211216518,5682.07945425468
946,6018.630092075893,5733.988011240456
947,6036.785853794642,5751.621396806908
948,6044.3507254464275,5748.116290497872
949,6057.967494419643,5774.606253921897
950,6078.274867466518,5815.706105141539
951,6095.556256975447,5844.175384052895
952,6120.402553013393,5851.246843414349
953,6156.458705357143,5861.333136373184
954,6187.743791852678,5889.7118896101765
955,6219.028878348215,5917.799944889558
956,6252.05908203125,5926.30159040012
957,6261.31134905134,5937.363648548634
958,6269.05060686384,5964.051095374491
959,6259.760288783482,5999.1302423374245
960,6249.26642717634,6016.665931879067
961,6235.591866629464,6035.130779332499
962,6222.811279296875,6054.776643257087
963,6203.978794642857,6085.113499694678
964,6188.075230189732,6111.131116283161
965,6167.400599888393,6118.668349658916
966,6146.725969587053,6142.265972972323
967,6119.68994140625,6173.171378447256
968,6111.738176618303,6180.2198329343655
969,6097.425013950892,6179.109026144646
970,6065.617919921876,6202.949246314764
971,6067.208251953125,6222.548204196861
972,6067.208251953125,6220.019460606707
973,6038.581821986607,6199.956222533318
974,5992.461495535715,6197.605542645874
975,5957.473667689733,6208.41424841201
976,5935.208705357143,6201.65798570552
977,5912.943743024553,6178.467877309052
978,5874.775181361606,6187.784552653492
979,5841.377685546875,6189.137358770719
980,5819.112688337053,6155.232954222304
981,5788.895891462053,6133.251647404966
982,5758.679129464285,6129.082686150595
983,5718.920200892857,6141.131265014455
984,5672.799839564732,6102.195365806094
985,5617.137416294643,6069.538303470448
986,5548.752092633929,6065.246848729314
987,5524.896763392857,6065.127940417773
988,5502.631766183034,6025.699975910147
989,5477.186070033482,5996.505894074676
990,5453.330705915178,5980.312255124593
991,5442.198207310268,5991.904321676809
992,5439.017508370535,5940.059102786627
993,5426.294677734375,5896.624107438837
994,5413.571847098214,5881.903079211329
995,5408.800816127231,5895.113254847225
996,5389.716552734375,5835.835967721143
997,5376.993687220982,5794.139483591584
998,5370.632289341518,5779.403815898585
999,5359.499790736607,5776.771699756188
1000,5354.728724888393,5726.003826020317
1001,5342.005859375,5693.259225656327
1002,5351.548025948659,5687.4216641005605
1003,5367.4515555245525,5685.441452319424
1004,5373.81298828125,5648.412866329346
1005,5362.68048967634,5616.140314036295
1006,5343.596226283482,5616.506001908974
1007,5343.596226283482,5612.920826686639
1008,5342.005859375,5580.513232793548
1009,5340.415492466519,5552.416812105314
1010,5335.6443917410725,5563.986770076993
1011,5342.005859375,5557.326112043099
1012,5362.68048967634,5516.809748090892
1013,5397.6683175223225,5489.973217728707
1014,5427.885114397322,5489.195533470062
1015,5467.644008091518,5476.800088903442
1016,5494.680036272322,5436.182443751205
1017,5512.1739676339275,5412.460235598822
1018,5539.210030691965,5409.323207279279
1019,5566.246058872768,5410.837346281512
1020,5598.053152901785,5369.914961235375
1021,5626.679582868303,5367.131670204436
1022,5652.125279017858,5369.975610449553
1023,5669.619175502232,5369.920040233607
1024,5701.426304408482,5332.476768976145
1025,5726.871965680803,5334.294154049267
1026,5741.185163225447,5350.243104790425
1027,5750.727294921876,5359.968788874813
1028,5771.401890345982,5320.309580565347
1029,5777.763323102678,5321.25248164882
1030,5784.124755859375,5353.284827201974
1031,5784.124755859375,5362.803467417272
1032,5804.799386160715,5341.953880911785
1033,5833.425816127232,5351.74798209
1034,5847.739048549107,5371.974046871403
1035,5858.871512276785,5407.747224004461
1036,5873.18474469866,5420.341944560522
1037,5890.678676060268,5421.949895647739
1038,5900.220807756697,5441.419787221832
1039,5917.714739118303,5460.720279266669
1040,5951.112234933035,5471.493432045183
1041,5982.919328962053,5484.965923001513
1042,6013.136090959822,5508.0783526014975
1043,6051.304617745536,5533.786747827055
1044,6094.244245256697,5550.256146504655
1045,6145.135637555803,5564.63807690905
1046,6176.942731584822,5609.605137135183
1047,6192.846296037947,5636.771503617822
1048,6223.063058035715,5663.581443930442
1049,6250.09912109375,5685.640728308866
1050,6266.002650669643,5728.897659953945
1051,6293.038713727678,5754.184498326275
1052,6308.942278180803,5794.790790423643
1053,6323.255475725447,5810.489973957644
1054,6335.978306361607,5851.938184703055
1055,6335.978306361607,5881.3877102731185
1056,6345.520438058035,5927.904761253708
1057,6351.881870814732,5940.344422981404
1058,6358.243268694197,5979.688135871305
1059,6361.423967633928,6009.910864230985
1060,6361.423967633928,6046.456646624456
1061,6382.098597935268,6062.88660837461
1062,6398.002162388393,6103.129602716113
1063,6412.315359933035,6133.338289139506
1064,6437.76105608259,6153.2369079172695
1065,6448.893519810268,6164.203062628586
1066,6467.977783203125,6203.222317160866
1067,6479.110281808035,6221.041833074277
1068,6495.01384626116,6247.4305152982715
1069,6517.278843470982,6256.969471506496
1070,6518.869210379465,6295.63618380858
1071,6518.869210379465,6313.32065812195
1072,6506.146379743303,6334.460643820446
1073,6485.471749441965,6346.174606330222
1074,6472.748918805803,6380.203894482215
1075,6447.30322265625,6395.249082302743
1076,6431.399658203125,6419.074961771972
1077,6410.725062779018,6420.041166494391
1078,6375.737234933035,6443.009591556279
1079,6355.062604631697,6447.25563407793
1080,6326.436244419643,6464.965204617856
1081,6304.171282087053,6473.370050397416
1082,6272.364188058035,6484.218790620201
1083,6240.557059151785,6481.429524297225
1084,6231.014927455357,6495.990713462737
1085,6219.882463727678,6494.980889108446
1086,6231.014962332591,6482.11250017708
1087,6246.918526785714,6484.249862138795
1088,6256.460658482143,6488.697869531305
1089,6262.822056361608,6480.0217454932545
1090,6264.412388392857,6464.174075952128
1091,6266.002720424107,6461.022109402492
1092,6277.135219029018,6460.983867533453
1093,6261.231689453125,6452.995499608888
1094,6253.279889787947,6453.4950340232
1095,6240.557024274553,6452.530024359188
1096,6224.653424944197,6470.237204782299
1097,6207.159528459822,6454.321416911948
1098,6188.075265066965,6460.261454726153
1099,6183.304164341518,6455.211137896291
1100,6140.364536830357,6467.321859797337
1101,6092.653878348214,6440.599158748462
1102,6036.991420200893,6435.489686527431
1103,5990.87109375,6422.875247507646
1104,5946.34113420759,6428.620490801438
1105,5911.353306361608,6398.672924640073
1106,5868.413678850447,6367.588260404023
1107,5838.196881975447,6348.908302437251
1108,5806.389753069197,6324.752586847568
1109,5774.582624162947,6289.372882695161
1110,5744.36589704241,6256.636647740023
1111,5712.55876813616,6232.703213014124
1112,5680.75163922991,6189.148114296387
1113,5658.486676897322,6159.037422662405
1114,5648.944545200893,6123.317126863877
1115,5650.534912109375,6097.5689959462725
1116,5639.402413504465,6059.404805704519
1117,5617.137451171875,6024.213920780489
1118,5610.776053292409,6001.065041899078
1119,5607.595319475447,5981.530318406381
1120,5593.282121930803,5936.438972105874
1121,5585.33039202009,5927.71414943772
1122,5588.511090959822,5910.336805135064
1123,5591.691789899553,5893.154852882025
1124,5596.462820870535,5853.827870809828
1125,5594.872453962054,5835.141340021816
1126,5580.559221540178,5829.603738126318
1127,5548.752092633929,5816.334705863856
1128,5520.125697544643,5774.433866746624
1129,5480.366768973215,5754.345831211281
1130,5450.150041852679,5748.9919695459275
1131,5429.475446428572,5725.878344887536
1132,5400.849016462053,5684.144216418143
1133,5361.090122767857,5674.355791767363
1134,5338.825125558035,5668.542430144347
1135,5305.4276297433025,5653.099287874141
1136,5272.030168805803,5599.136425485966
1137,5240.223039899553,5567.1578575611475
1138,5200.464181082591,5567.509204732936
1139,5167.06672014509,5553.204953125025
1140,5149.572823660715,5497.471611706221
1141,5128.898193359375,5462.91799167796
1142,5106.633196149553,5463.9206456818065
1143,5087.548932756697,5440.651364665845
1144,5070.05500139509,5390.5718445726625
1145,5074.826032366072,5360.814890227284
1146,5078.006766183035,5364.874503637375
1147,5085.958565848216,5343.11368509621
1148,5098.681431361607,5303.2100873424215
1149,5120.946428571428,5272.848732207478
1150,5140.030691964285,5261.3842381402565
1151,5163.886056082589,5250.067632550958
1152,5192.512416294643,5187.279263823802
1153,5224.319545200893,5172.211369893533
1154,5241.813441685269,5171.065607645395
1155,5244.994140625,5173.744032301081
1156,5249.765241350447,5127.293605826707
1157,5249.765241350447,5122.36936765883
1158,5230.680943080357,5143.53235823167
1159,5192.512416294643,5162.049788255029
1160,5136.849958147322,5129.802332188536
1161,5073.553780691965,5121.102008217735
1162,5006.122698102678,5147.1961085442945
1163,4940.918073381697,5170.773117100172
1164,4875.713483537946,5140.585344198911
1165,4828.002790178571,5100.077644420158
1166,4785.063197544643,5111.747091004256
1167,4726.22004045759,5134.808431857322
1168,4670.5576171875,5092.7949584851885
1169,4624.437290736607,5033.408921044029
1170,4583.087995256697,5033.1642328351045
1171,4541.420654296875,5053.133658823509
1172,4529.9701102120525,5002.740734662974
1173,4498.799107142857,4938.578048767257
1174,4473.353410993303,4929.415237192776
1175,4474.625697544643,4936.1305691488105
1176,4468.264229910715,4911.547918943066
1177,4457.76789202009,4832.657930763202
1178,4441.546247209822,4828.242488712295
1179,4404.331891741072,4848.319768721972
1180,4357.257359095981,4816.04213743069
1181,4329.585135323659,4720.003658633195
1182,4312.409284319196,4717.501505092608
1183,4291.098528180803,4745.401637437418
1184,4272.968470982143,4695.265949599086
1185,4260.881766183035,4610.213941505834
1186,4236.072195870535,4609.395625261335
1187,4237.344482421875,4641.962161922616
1188,4238.616734095982,4602.20824523436
1189,4207.445748465402,4540.309298726946
1190,4183.2723563058025,4546.8671817378
1191,4175.638636997768,4580.064709238211
1192,4193.450648716518,4559.15835745837
1193,4216.351806640625,4497.081048483645
1194,4213.807233537946,4498.954601301916
1195,4211.898821149553,4544.916248887645
1196,4221.12287248884,4512.3054950652895
1197,4244.023995535714,4465.355534176603
1198,4275.059674944197,4470.9209211800735
1199,4307.111676897322,4534.6608551641575
1200,4343.10466657366,4500.382397334211
1201,4367.455113002231,4459.768337357196
1202,4396.322544642856,4459.971497286462
1203,4446.250505719866,4521.890759786803
1204,4505.600306919642,4490.658207072832
1205,4546.437988281249,4454.348747479434
1206,4561.893938337053,4464.2967124276065
1207,4575.569475446428,4525.386903157783
1208,4624.360839843749,4503.835219837922
1209,4667.10693359375,4460.480890932635
1210,4694.715541294642,4471.180248854489
1211,4718.953369140624,4505.985428677517
1212,4735.056640625,4484.1839781505
1213,4751.86003766741,4437.345456458307
1214,4763.062290736606,4444.960368630546
1215,4774.96466936384,4475.285872013266
1216,4805.7708914620525,4448.173581923564
1217,4848.129464285715,4411.477222170755
1218,4888.3875906808025,4440.151453598988
1219,4932.8465750558025,4476.1627461197295
1220,4967.853655133928,4472.450894706205
1221,5004.961146763393,4485.941012774045
1222,5040.668352399554,4520.658953333329
1223,5078.125906808035,4551.364186525015
1224,5114.183175223215,4568.828172562211
1225,5143.589111328125,4593.654913447675
1226,5165.993617466519,4639.094619273953
1227,5174.745361328125,4681.137371577068
1228,5192.949044363841,4701.413927576186
1229,5210.802664620535,4741.725637776118
1230,5212.553013392856,4792.975120050189
1231,5207.30193219866,4836.241014633324
1232,5188.048060825893,4855.640098996775
1233,5163.543108258928,4882.560283447481
1234,5146.039585658482,4921.840060712584
1235,5125.035365513393,4956.417283144391
1236,5100.530412946429,4980.535951923444
1237,5076.025460379465,5011.2364048815
1238,5040.6683175223225,5033.042635642148
1239,5007.761683872767,5057.300528725667
1240,4981.156319754465,5086.421114469082
1241,4977.655622209822,5108.571820815675
1242,4965.753208705356,5131.321251424398
1243,4965.753208705356,5157.243263340285
1244,4952.100446428571,5174.143181809168
1245,4917.093366350446,5181.824718487622
1246,4886.987269810268,5192.259669736828
1247,4856.531110491072,5222.833446503695
1248,4827.825299944197,5240.670290764015
1249,4799.119489397322,5269.549474709124
1250,4772.514125279017,5265.939800789437
1251,4746.958984375,5272.208479665689
1252,4736.456891741072,5282.44833762988
1253,4739.257428850447,5287.213035500364
1254,4723.154192243303,5290.263422085367
1255,4700.39958844866,5284.407337124285
1256,4687.096923828125,5296.993991036096
1257,4665.742606026785,5312.338540987689
1258,4655.940638950893,5306.8230476727285
1259,4651.039655412946,5312.307469469096
1260,4643.338099888392,5294.439553690183
1261,4639.137241908482,5299.129560410201
1262,4643.338099888392,5279.078272920886
1263,4639.837402343749,5287.211541677354
1264,4638.437116350447,5269.097443866508
1265,4638.437116350447,5271.175650437055
1266,4624.434256417409,5244.457430857207
1267,4592.227748325893,5263.016389160225
1268,4581.025460379465,5242.280333203445
1269,4575.42431640625,5237.3109815806865
1270,4579.625139508928,5219.398251111495
1271,4578.224853515624,5227.328061174096
1272,4574.023995535714,5205.994774778194
1273,4573.323869977678,5189.229599144752
1274,4577.52472795759,5161.702026258462
1275,4593.627999441964,5166.789091134353
1276,4598.52898297991,5149.662111568056
1277,4609.731236049107,5124.885264371103
1278,4620.233363560267,5104.716861157859
1279,4626.534633091517,5110.607304048155
1280,4649.639334542409,5091.6055766051795
1281,4676.944859095982,5051.07427442288
1282,4702.149972098215,5012.983281508583
1283,4725.254673549107,5019.810650190316
1284,4735.756801060267,5004.994913584017
1285,4742.758231026785,4958.631427608785
1286,4749.059500558035,4911.862518068827
1287,4753.260323660714,4923.124449735986
1288,4744.858642578125,4913.90158647653
1289,4721.053815569197,4892.252207131859
1290,4703.550258091518,4849.755930163118
1291,4691.6478445870525,4855.4835463454
1292,4666.4427664620525,4840.187695023911
1293,4632.135811941964,4827.103299285398
1294,4593.627999441964,4789.146750441939
1295,4564.222063337053,4774.550605818009
1296,4538.316824776785,4764.86017595664
1297,4508.910853794642,4753.77302158157
1298,4479.504917689732,4731.2742544738085
1299,4459.200788225447,4707.562801847092
1300,4434.695835658482,4678.653442677194
1301,4410.190917968749,4661.139264186885
1302,4397.588344029018,4656.697232086412
1303,4386.386090959822,4616.516380782096
1304,4370.2828543526775,4591.144693262837
1305,4347.878348214285,4569.137095160535
1306,4342.977329799106,4565.129168026567
1307,4349.278599330356,4544.400581184833
1308,4349.278599330356,4539.535797172727
1309,4342.277204241072,4529.824453789228
1310,4331.074951171875,4526.52609258468
1311,4315.671840122767,4513.242420856726
1312,4300.26872907366,4512.425000906033
1313,4284.865618024553,4505.756574992491
1314,4272.963239397322,4509.202227145756
1315,4273.663364955356,4487.5934797869395
1316,4261.760986328124,4500.444839136
1317,4249.158447265625,4495.353890320285
1318,4228.1542096819185,4496.5904770073885
1319,4206.449811662947,4474.683861340516
1320,4183.345162527902,4472.790590058521
1321,4158.840227399553,4472.030234146785
1322,4151.838832310267,4463.919671500058
1323,4149.738385881696,4441.561921284375
1324,4147.637939453125,4438.646875064015
1325,4156.039655412946,4433.2676184075035
1326,4176.34375,4398.195940559616
1327,4188.946323939731,4389.043884510801
1328,4207.149972098215,4382.1743900202055
1329,4225.3536551339275,4387.15121075801
1330,4263.861432756696,4373.637490286623
1331,4298.168352399553,4365.692144464726
1332,4345.077828543527,4355.660226663429
1333,4392.687430245535,4358.094560639394
1334,4440.2970319475435,4341.661013714018
1335,4489.306919642856,4342.6830874169855
1336,4520.813267299107,4327.491803706147
1337,4547.418631417409,4319.377655884198
1338,4571.923583984375,4329.081530152651
1339,4595.028250558035,4330.502753363705
1340,4605.530378069197,4322.046221308023
1341,4625.134312220982,4317.891301989939
1342,4646.838727678572,4332.112795803135
1343,4656.640694754465,4338.2058010934925
1344,4660.141392299107,4319.672536546235
1345,4675.544503348215,4296.026812131929
1346,4688.847202845982,4314.647614707532
1347,4714.752441406249,4348.0426256097735
1348,4732.606061662947,4330.4125264539425
1349,4751.859967912947,4309.387565127163
1350,4759.561523437499,4351.03415556821
1351,4766.562953404017,4398.488132340236
1352,4779.165492466518,4384.707913843989
1353,4785.466761997768,4377.548318924986
1354,4798.069301060268,4399.821817522945
1355,4809.971714564732,4476.421476264941
1356,4815.572823660715,4477.8298525981145
1357,4826.775111607142,4471.297663343021
1358,4829.57568359375,4490.524360531198
1359,4831.67609514509,4570.493486452985
1360,4831.67609514509,4566.049363000299
1361,4812.072160993303,4561.626153069744
1362,4809.621651785715,4586.187889753357
1363,4807.871303013393,4667.884771367708
1364,4819.42365373884,4662.09023191461
1365,4841.828194754464,4637.285898374284
1366,4863.882672991072,4645.630991233473
1367,4881.386195591518,4713.166430719601
1368,4893.288609095982,4714.271560981886
1369,4902.39045061384,4675.3054865487375
1370,4912.892578124999,4690.978378797775
1371,4919.893973214285,4769.791584474961
1372,4932.8465750558025,4786.308785488859
1373,4941.94841657366,4751.688839718986
1374,4952.45050920759,4774.867296295982
1375,4970.304094587053,4851.127259685662
1376,4974.504952566965,4862.459102269656
1377,4973.005650111607,4817.987692518011
